Workbook

Sheet Report
B1: ARDAMAN
B2: MATERIALS AND CONSULTING TESTING
B3: S.A.E
B4: 25 Ashgar City Compound Maadi - Cairo ,Egypt
B5: Tel : 02-27468647 - 01006030248
B6: Ras Al Hekma International Airport | O6: File No.5143
B7: Project Spec :- Section 31 23 16.33 ( Excavation, Fill and Subgrade) | O7: Date : | P7: =F11+6 -> 45906
A8: .
A9: STANDARD TEST METHODS FOR PARTICLE SIZE DISTRIBUTION OF SOILS USING SIEVE ANALYSIS ACCORDING TO ASTM D6913 &
A10: STANDARD TEST METHODS FOR DETERMINING THE AMOUNT OF MATERIAL FINER THAN 75MM SIEVE IN SOILS BY WASHING ACCORDING TO ASTM D1140
B11: Sample delivery date: | F11: 45900
B12: Source of material :- | F12: Saleh Swiker Soil 70% + Swiker Sand 30% | N12: Atterberg Limits:
B13: Description of the Tested Materials :- | I13: Fill / SM | N13: L.L. (%): | P13: 0
B14: Stockpile : | E14: 3 | N14: P.L.(%): | P14: 0
B15: Sample No: | E15: 50 | N15: P.I. (%): | P15: 0
B16: Quantity : | E16: =500*(E15-1) -> 24500 | H16: To | I16: =E15*500 -> 25000 | L16: m3
B17: Opening Size (mm) | E17: 100 | F17: 75 | G17: 63 | H17: 50 | I17: 37.5 | J17: 25 | K17: 19 | L17: 9.5 | M17: 4.75 | N17: 2 | O17: 0.425 | P17: 0.075
B18: Percentage Passing (%) | E18: 100 | F18: 100 | G18: 100 | H18: 100 | I18: 94.2 | J18: 90.1 | K18: 84.8 | L18: 73.2 | M18: 61.2 | N18: 48.3 | O18: 34.6 | P18: 15.6
B19: Specification limit (%) | E19: 100 | F19: Not Specified | P19: 30
B36: Soil Classification According to ASTM D2487 : Silty Sand with Gravel (SM) Coefficient of uniformity ( Cu ): ( N/A ) ( D10 not available )
B37: Result
B38: The sample complies with the project specifications outlined in Section 31 23 16.33, Part 2, Item 2.1.B regarding suitable materials used for the construction of fill under pavements.
B40: Prepared by : Eng. Alaa Hassan | K40: Dept. Manager : Eng. Reda El Raheb

Sheet PI
A1: ARDAMAN Split
A2: MATERIALS AND CONSTTRUCTION TESTING
A3: S.A.E
B4: 25 Ashgar City Compound Maadi - Cairo ,Egypt
B5: Tel : 02-27468647 - 01006030248
B6: Project : Ras Al Hekma International Airport | I6: =Report!O6 -> File No.5143
B7: =Report!B7 -> Project Spec :- Section 31 23 16.33 ( Excavation, Fill and Subgrade) | I7: =Report!O7 -> Date : | J7: =Report!P7 -> 45906
A8: LIQUID LIMIT , PLASTIC LIMIT , AND PLASTICITY INDEX OF SOILS
A9: ACCORDING TO ASTM D 4318
C10: =Report!B11 -> Sample delivery date: | E10: 45900 | BS10: Source of the sample : Excavated Materials from Site | BT10: Source of the sample : Excavated Materials from Site | BU10: Source of the sample : Excavated Materials from Site | BV10: Source of the sample : Excavated Materials from Site | BW10: Source of the sample : Excavated Materials from Site | BX10: Source of the sample : Excavated Materials from Site | BY10: Source of the sample : Excavated Materials from Site | BZ10: Source of the sample : Excavated Materials from Site | CA10: Source of the sample : Excavated Materials from Site | CB10: Source of the sample : Excavated Materials from Site | CC10: Source of the sample : Excavated Materials from Site | CD10: Source of the sample : Excavated Materials from Site | CE10: Source of the sample : Excavated Materials from Site | CF10: Source of the sample : Excavated Materials from Site | CG10: Source of the sample : Excavated Materials from Site | CH10: Source of the sample : Excavated Materials from Site | CI10: Source of the sample : Excavated Materials from Site | CJ10: Source of the sample : Excavated Materials from Site | CK10: Source of the sample : Excavated Materials from Site | CL10: Source of the sample : Excavated Materials from Site | CM10: Source of the sample : Excavated Materials from Site | CN10: Source of the sample : Excavated Materials from Site | CO10: Source of the sample : Excavated Materials from Site | CP10: Source of the sample : Excavated Materials from Site | CQ10: Source of the sample : Excavated Materials from Site | CR10: Source of the sample : Excavated Materials from Site | CS10: Source of the sample : Excavated Materials from Site | CT10: Source of the sample : Excavated Materials from Site | CU10: Source of the sample : Excavated Materials from Site | CV10: Source of the sample : Excavated Materials from Site | CW10: Source of the sample : Excavated Materials from Site | CX10: Source of the sample : Excavated Materials from Site | CY10: Source of the sample : Excavated Materials from Site | CZ10: Source of the sample : Excavated Materials from Site | DA10: Source of the sample : Excavated Materials from Site | DB10: Source of the sample : Excavated Materials from Site | DC10: Source of the sample : Excavated Materials from Site | DD10: Source of the sample : Excavated Materials from Site | DE10: Source of the sample : Excavated Materials from Site | DF10: Source of the sample : Excavated Materials from Site | DG10: Source of the sample : Excavated Materials from Site | DH10: Source of the sample : Excavated Materials from Site | DI10: Source of the sample : Excavated Materials from Site | DJ10: Source of the sample : Excavated Materials from Site | DK10: Source of the sample : Excavated Materials from Site | DL10: Source of the sample : Excavated Materials from Site | DM10: Source of the sample : Excavated Materials from Site | DN10: Source of the sample : Excavated Materials from Site | DO10: Source of the sample : Excavated Materials from Site | DP10: Source of the sample : Excavated Materials from Site | DQ10: Source of the sample : Excavated Materials from Site | DR10: Source of the sample : Excavated Materials from Site | DS10: Source of the sample : Excavated Materials from Site | DT10: Source of the sample : Excavated Materials from Site | DU10: Source of the sample : Excavated Materials from Site | DV10: Source of the sample : Excavated Materials from Site | DW10: Source of the sample : Excavated Materials from Site | DX10: Source of the sample : Excavated Materials from Site | DY10: Source of the sample : Excavated Materials from Site | DZ10: Source of the sample : Excavated Materials from Site | EA10: Source of the sample : Excavated Materials from Site | EB10: Source of the sample : Excavated Materials from Site | EC10: Source of the sample : Excavated Materials from Site | ED10: Source of the sample : Excavated Materials from Site | EE10: Source of the sample : Excavated Materials from Site | EF10: Source of the sample : Excavated Materials from Site | EG10: Source of the sample : Excavated Materials from Site | EH10: Source of the sample : Excavated Materials from Site | EI10: Source of the sample : Excavated Materials from Site | EJ10: Source of the sample : Excavated Materials from Site | EK10: Source of the sample : Excavated Materials from Site | EL10: Source of the sample : Excavated Materials from Site | EM10: Source of the sample : Excavated Materials from Site | EN10: Source of the sample : Excavated Materials from Site | EO10: Source of the sample : Excavated Materials from Site | EP10: Source of the sample : Excavated Materials from Site | EQ10: Source of the sample : Excavated Materials from Site | ER10: Source of the sample : Excavated Materials from Site | ES10: Source of the sample : Excavated Materials from Site | ET10: Source of the sample : Excavated Materials from Site | EU10: Source of the sample : Excavated Materials from Site | EV10: Source of the sample : Excavated Materials from Site | EW10: Source of the sample : Excavated Materials from Site | EX10: Source of the sample : Excavated Materials from Site | EY10: Source of the sample : Excavated Materials from Site | EZ10: Source of the sample : Excavated Materials from Site | FA10: Source of the sample : Excavated Materials from Site | FB10: Source of the sample : Excavated Materials from Site | FC10: Source of the sample : Excavated Materials from Site | FD10: Source of the sample : Excavated Materials from Site | FE10: Source of the sample : Excavated Materials from Site | FF10: Source of the sample : Excavated Materials from Site | FG10: Source of the sample : Excavated Materials from Site | FH10: Source of the sample : Excavated Materials from Site | FI10: Source of the sample : Excavated Materials from Site | FJ10: Source of the sample : Excavated Materials from Site | FK10: Source of the sample : Excavated Materials from Site | FL10: Source of the sample : Excavated Materials from Site | FM10: Source of the sample : Excavated Materials from Site | FN10: Source of the sample : Excavated Materials from Site | FO10: Source of the sample : Excavated Materials from Site | FP10: Source of the sample : Excavated Materials from Site | FQ10: Source of the sample : Excavated Materials from Site | FR10: Source of the sample : Excavated Materials from Site | FS10: Source of the sample : Excavated Materials from Site | FT10: Source of the sample : Excavated Materials from Site | FU10: Source of the sample : Excavated Materials from Site | FV10: Source of the sample : Excavated Materials from Site | FW10: Source of the sample : Excavated Materials from Site | FX10: Source of the sample : Excavated Materials from Site | FY10: Source of the sample : Excavated Materials from Site | FZ10: Source of the sample : Excavated Materials from Site | GA10: Source of the sample : Excavated Materials from Site | GB10: Source of the sample : Excavated Materials from Site | GC10: Source of the sample : Excavated Materials from Site | GD10: Source of the sample : Excavated Materials from Site | GE10: Source of the sample : Excavated Materials from Site | GF10: Source of the sample : Excavated Materials from Site | GG10: Source of the sample : Excavated Materials from Site | GH10: Source of the sample : Excavated Materials from Site | GI10: Source of the sample : Excavated Materials from Site | GJ10: Source of the sample : Excavated Materials from Site | GK10: Source of the sample : Excavated Materials from Site | GL10: Source of the sample : Excavated Materials from Site | GM10: Source of the sample : Excavated Materials from Site | GN10: Source of the sample : Excavated Materials from Site | GO10: Source of the sample : Excavated Materials from Site | GP10: Source of the sample : Excavated Materials from Site | GQ10: Source of the sample : Excavated Materials from Site | GR10: Source of the sample : Excavated Materials from Site | GS10: Source of the sample : Excavated Materials from Site | GT10: Source of the sample : Excavated Materials from Site | GU10: Source of the sample : Excavated Materials from Site | GV10: Source of the sample : Excavated Materials from Site | GW10: Source of the sample : Excavated Materials from Site | GX10: Source of the sample : Excavated Materials from Site | GY10: Source of the sample : Excavated Materials from Site | GZ10: Source of the sample : Excavated Materials from Site | HA10: Source of the sample : Excavated Materials from Site | HB10: Source of the sample : Excavated Materials from Site | HC10: Source of the sample : Excavated Materials from Site | HD10: Source of the sample : Excavated Materials from Site | HE10: Source of the sample : Excavated Materials from Site | HF10: Source of the sample : Excavated Materials from Site | HG10: Source of the sample : Excavated Materials from Site | HH10: Source of the sample : Excavated Materials from Site | HI10: Source of the sample : Excavated Materials from Site | HJ10: Source of the sample : Excavated Materials from Site | HK10: Source of the sample : Excavated Materials from Site | HL10: Source of the sample : Excavated Materials from Site | HM10: Source of the sample : Excavated Materials from Site | HN10: Source of the sample : Excavated Materials from Site | HO10: Source of the sample : Excavated Materials from Site | HP10: Source of the sample : Excavated Materials from Site | HQ10: Source of the sample : Excavated Materials from Site | HR10: Source of the sample : Excavated Materials from Site | HS10: Source of the sample : Excavated Materials from Site | HT10: Source of the sample : Excavated Materials from Site | HU10: Source of the sample : Excavated Materials from Site | HV10: Source of the sample : Excavated Materials from Site | HW10: Source of the sample : Excavated Materials from Site | HX10: Source of the sample : Excavated Materials from Site | HY10: Source of the sample : Excavated Materials from Site | HZ10: Source of the sample : Excavated Materials from Site | IA10: Source of the sample : Excavated Materials from Site | IB10: Source of the sample : Excavated Materials from Site | IC10: Source of the sample : Excavated Materials from Site | ID10: Source of the sample : Excavated Materials from Site | IE10: Source of the sample : Excavated Materials from Site | IF10: Source of the sample : Excavated Materials from Site | IG10: Source of the sample : Excavated Materials from Site | IH10: Source of the sample : Excavated Materials from Site | II10: Source of the sample : Excavated Materials from Site | IJ10: Source of the sample : Excavated Materials from Site | IK10: Source of the sample : Excavated Materials from Site | IL10: Source of the sample : Excavated Materials from Site | IM10: Source of the sample : Excavated Materials from Site | IN10: Source of the sample : Excavated Materials from Site | IO10: Source of the sample : Excavated Materials from Site | IP10: Source of the sample : Excavated Materials from Site | IQ10: Source of the sample : Excavated Materials from Site | IR10: Source of the sample : Excavated Materials from Site | IS10: Source of the sample : Excavated Materials from Site | IT10: Source of the sample : Excavated Materials from Site | IU10: Source of the sample : Excavated Materials from Site | IV10: Source of the sample : Excavated Materials from Site
C11: =Report!B12 -> Source of material :- | E11: =Report!F12 -> Saleh Swiker Soil 70% + Swiker Sand 30%
C12: =Report!B13 -> Description of the Tested Materials :- | F12: =Report!I13 -> Fill / SM
C13: =Report!B14 -> Stockpile : | D13: =Report!E14 -> 3
C14: =Report!B15 -> Sample No: | D14: =Report!E15 -> 50
C16: Sample Identification No. | E16: Liquid Limit (%) | G16: Plastic Limit (%) | I16: Plasticity Index (%)
C17: =Report!E15 -> 50 | E17: =Report!P13 -> 0 | G17: N.P | I17: =Report!P15 -> 0
C18: Specification limit | E18: Max 30% | G18: Not Specified | I18: Max 7%
B21: Result:
B22: =Report!B38 -> The sample complies with the project specifications outlined in Section 31 23 16.33, Part 2, Item 2.1.B regarding suitable materials used for the construction of fill under pavements.
A25: =Report!B40 -> Prepared by : Eng. Alaa Hassan | G25: =Report!K40 -> Dept. Manager : Eng. Reda El Raheb

Sheet Proctor
B1: ARDAMAN SPLIT
B3: MATERIALS AND CONSULTING TESTING
B4: S.A.E
B5: 25 Ashgar City Compound Maadi - Cairo ,Egypt
B6: Tel : 02-27468647 - 01006030248
B7: Project : Ras Al Hekma International Airport | I7: File No.: 5143
B8: Project Spec :- Section 31 23 16.33 ( Excavation, Fill and Subgrade) | I8: Date :08/09/2025
B9: MOISTURE DENSITY RELATIONSHIP OF SOIL
B10: According To ASTM D1557, Procedure 'C'.
B11: Sample delivery date: | F11: =Report!F11 -> 45900
B12: Source of material :- | E12: =Report!F12 -> Saleh Swiker Soil 70% + Swiker Sand 30%
B13: Description of the Tested Materials :- | F13: =Report!I13 -> Fill / SM
B14: Stockpile : | E14: =Report!E14 -> 3
B15: Sample No: | E15: =Report!E15 -> 50
B17: Wet Unit Weight, gm/cm3 | E17: 2.145 | F17: 2.202 | G17: 2.26 | H17: 2.226
B18: Water Content, % | E18: 4.7 | F18: 5.4 | G18: 7.1 | H18: 8.2
B19: Dry Unit Weight, gm/cm3 | E19: =E17/(1+E18/100) -> 2.0487106 | F19: =F17/(1+F18/100) -> 2.0891841 | G19: =G17/(1+G18/100) -> 2.1101774 | H19: =H17/(1+H18/100) -> 2.0573013
D36: Maximum dry density = | F36: 2.118 | G36: g/cm3
D37: Optimum moisture content = | F37: 6.6 | G37: %
B40: =Report!B40 -> Prepared by : Eng. Alaa Hassan | G40: =Report!K40 -> Dept. Manager : Eng. Reda El Raheb
F44: =F37 -> 6.6 | G44: =F37 -> 6.6 | H44: 0
F45: =F36 -> 2.118 | G45: =F36-(F36-E19) -> 2.0487106 | H45: =F36 -> 2.118
